epoch,time,train/box_loss,train/cls_loss,train/dfl_loss,metrics/precision(B),metrics/recall(B),metrics/mAP50(B),metrics/mAP50-95(B),val/box_loss,val/cls_loss,val/dfl_loss,lr/pg0,lr/pg1,lr/pg2
1,127.863,1.27042,4.44969,1.43166,0.06615,0.12773,0.05799,0.05131,0.88247,4.34824,1.05626,0.000108735,0.000108735,0.000108735
2,258.895,1.12206,3.73238,1.28738,0.60351,0.15465,0.18551,0.13912,0.83425,3.41479,1.03515,0.000215384,0.000215384,0.000215384
3,385.742,1.11281,3.13542,1.28679,0.41861,0.37673,0.33132,0.26073,0.85774,3.12924,1.08749,0.000317638,0.000317638,0.000317638
4,503.605,1.07112,2.73643,1.25444,0.42888,0.50242,0.48605,0.36787,0.85893,2.57099,1.09584,0.00031322,0.00031322,0.00031322
